Company Name,Address,Phone,Rating,Review_Count,Management Team,Email,Website
All Smiles Dental,"156 W Portal Ave San Francisco, CA 94127",+14155642200,4.8,620,"informationcuong ho h.business ownergeneral and cosmetic treatments
orthodontic treatment",40x40_emergency_services_v2@3x.yji-f095ef0fdc32bcff4b29.png,https://www.yelp.com/biz/all-smiles-dental-san-francisco-5?adjust_creative=RuNDS0w1-eq7bTiE_rnn-A&utm_campaign=yelp_api_v3&utm_medium=api_v3_business_lookup&utm_source=RuNDS0w1-eq7bTiE_rnn-A
Mission Dental Group SF,"2460 Mission St Ste 106 San Francisco, CA 94110",+14158499991,4.7,116,informationjeannine a.business manageraug 7,40x40_available_by_appointment_v2@3x.yji-61643f38d580b49ef0e5.png,https://www.yelp.com/biz/mission-dental-group-sf-san-francisco?adjust_creative=RuNDS0w1-eq7bTiE_rnn-A&utm_campaign=yelp_api_v3&utm_medium=api_v3_business_lookup&utm_source=RuNDS0w1-eq7bTiE_rnn-A
Soothing Dental,"450 Sutter St Ste 2500 San Francisco, CA 94108",+14159219035,4.4,552,informationsoothing dental i.business ownerwe accept all dental ppo plans. free uber rides to,40x40_emergency_services_v2@3x.yji-f095ef0fdc32bcff4b29.png,https://www.yelp.com/biz/soothing-dental-san-francisco-12?adjust_creative=RuNDS0w1-eq7bTiE_rnn-A&utm_campaign=yelp_api_v3&utm_medium=api_v3_business_lookup&utm_source=RuNDS0w1-eq7bTiE_rnn-A
"Mary Anne Baysac, DDS - San Francisco Dental Care","4200 California St Ste 210 San Francisco, CA 94118",+14156680526,5.0,188,,,https://www.yelp.com/biz/mary-anne-baysac-dds-san-francisco-dental-care-san-francisco-4?adjust_creative=RuNDS0w1-eq7bTiE_rnn-A&utm_campaign=yelp_api_v3&utm_medium=api_v3_business_lookup&utm_source=RuNDS0w1-eq7bTiE_rnn-A
UCSF Dental Center,"707 Parnassus Ave Ste D 4000 San Francisco, CA 94143",+14155025800,2.6,212,loginclaim your business pageadvertise on yelpyelp for restaurant ownerstable managementbusiness success storiesbusiness supportyelp blog for businessyelp data for b2byelp data for b2clanguagesenglishcitiesexplore a cityaustinbaltimorecharlottechicagocolorado springscolumbusdallasdenverdetroitel pasofort worthhoustonindianapolisjacksonvillelas vegaslos angelesmiaminashvillenew yorkoklahoma cityphiladelphiaphoenixportlandsacramentosan antoniosan diegosan franciscosan joseseattlewashingtonaboutblogsupporttermsprivacy policyyour privacy choicescopyright,default_user_avatar_64x64_v2@2x.yji-cfb49ee371b5b7711e94.png,https://www.yelp.com/biz/ucsf-dental-center-san-francisco-5?adjust_creative=RuNDS0w1-eq7bTiE_rnn-A&utm_campaign=yelp_api_v3&utm_medium=api_v3_business_lookup&utm_source=RuNDS0w1-eq7bTiE_rnn-A
Grace Dental Group,"350 Divisadero St San Francisco, CA 94117",+14159218867,4.8,85,"informationwoo young l.business ownerabout grace dental group
grace dental group is a modern dental practice located right in the heart of the fillmore district in san francisco",default_user_avatar_64x64_v2@2x.yji-cfb49ee371b5b7711e94.png,https://www.yelp.com/biz/grace-dental-group-san-francisco?adjust_creative=RuNDS0w1-eq7bTiE_rnn-A&utm_campaign=yelp_api_v3&utm_medium=api_v3_business_lookup&utm_source=RuNDS0w1-eq7bTiE_rnn-A
Ingleside Dental SF,"2419 Ocean Ave San Francisco, CA 94127",+14153334232,4.8,126,informationdavid p.business ownerour team strives to be one of the best dental office in the san francisco and daly city area. we are passionate about delivering quality service and fantastic experience in the a clean,default_user_avatar_64x64_v2@2x.yji-cfb49ee371b5b7711e94.png,https://www.yelp.com/biz/ingleside-dental-sf-san-francisco-4?adjust_creative=RuNDS0w1-eq7bTiE_rnn-A&utm_campaign=yelp_api_v3&utm_medium=api_v3_business_lookup&utm_source=RuNDS0w1-eq7bTiE_rnn-A
Avenue Dental,"926 Irving St San Francisco, CA 94122",+14155649888,4.8,50,loginclaim your business pageadvertise on yelpyelp for restaurant ownerstable managementbusiness success storiesbusiness supportyelp blog for businessyelp data for b2byelp data for b2clanguagesenglishcitiesexplore a cityaustinbaltimorecharlottechicagocolorado springscolumbusdallasdenverdetroitel pasofort worthhoustonindianapolisjacksonvillelas vegaslos angelesmiaminashvillenew yorkoklahoma cityphiladelphiaphoenixportlandsacramentosan antoniosan diegosan franciscosan joseseattlewashingtonaboutblogsupporttermsprivacy policyyour privacy choicescopyright,default_user_avatar_64x64_v2@2x.yji-cfb49ee371b5b7711e94.png,https://www.yelp.com/biz/avenue-dental-san-francisco?adjust_creative=RuNDS0w1-eq7bTiE_rnn-A&utm_campaign=yelp_api_v3&utm_medium=api_v3_business_lookup&utm_source=RuNDS0w1-eq7bTiE_rnn-A
Geary Dental Center,"4225 Geary Blvd Ste A Geary Dental Center San Francisco, CA 94118",+14157021310,4.4,92,informationvalentina y.business ownerat geary dental center,default_user_avatar_64x64_v2@2x.yji-cfb49ee371b5b7711e94.png,https://www.yelp.com/biz/geary-dental-center-san-francisco-3?adjust_creative=RuNDS0w1-eq7bTiE_rnn-A&utm_campaign=yelp_api_v3&utm_medium=api_v3_business_lookup&utm_source=RuNDS0w1-eq7bTiE_rnn-A
Washington Square Park Dental,"1719 Powell St San Francisco, CA 94133",+14158919773,4.6,369,,,https://www.yelp.com/biz/washington-square-park-dental-san-francisco?adjust_creative=RuNDS0w1-eq7bTiE_rnn-A&utm_campaign=yelp_api_v3&utm_medium=api_v3_business_lookup&utm_source=RuNDS0w1-eq7bTiE_rnn-A
Lakeside Dental Care,"1185 Vicente St San Francisco, CA 94116",+14154697777,4.7,117,,,https://www.yelp.com/biz/lakeside-dental-care-san-francisco?adjust_creative=RuNDS0w1-eq7bTiE_rnn-A&utm_campaign=yelp_api_v3&utm_medium=api_v3_business_lookup&utm_source=RuNDS0w1-eq7bTiE_rnn-A
"George Ambus, DDS","595 Buckingham Way Ste 230 San Francisco, CA 94132",+14155666461,4.9,63,informationgeorge a.business ownerdr. george ambus practices a full scope of general and cosmetic dentistry including implants,default_user_avatar_64x64_v2@2x.yji-cfb49ee371b5b7711e94.png,https://www.yelp.com/biz/george-ambus-dds-san-francisco?adjust_creative=RuNDS0w1-eq7bTiE_rnn-A&utm_campaign=yelp_api_v3&utm_medium=api_v3_business_lookup&utm_source=RuNDS0w1-eq7bTiE_rnn-A
Wayne W Lee DDS and Associates,"1828 Clement St San Francisco, CA 94121",+14153860790,4.8,79,informationwayne l.business ownerwe believe the best dentistry for everyone is the least amount of treatment.  most dental problems are preventable.  through routine visits,40x40_emergency_services_v2@3x.yji-f095ef0fdc32bcff4b29.png,https://www.yelp.com/biz/wayne-w-lee-dds-and-associates-san-francisco?adjust_creative=RuNDS0w1-eq7bTiE_rnn-A&utm_campaign=yelp_api_v3&utm_medium=api_v3_business_lookup&utm_source=RuNDS0w1-eq7bTiE_rnn-A
Michael T Cole,"2595 Mission St Ste 308 San Francisco, CA 94110",+14156479191,3.4,21,loginclaim your business pageadvertise on yelpyelp for restaurant ownerstable managementbusiness success storiesbusiness supportyelp blog for businessyelp data for b2byelp data for b2clanguagesenglishcitiesexplore a cityaustinbaltimorecharlottechicagocolorado springscolumbusdallasdenverdetroitel pasofort worthhoustonindianapolisjacksonvillelas vegaslos angelesmiaminashvillenew yorkoklahoma cityphiladelphiaphoenixportlandsacramentosan antoniosan diegosan franciscosan joseseattlewashingtonaboutblogsupporttermsprivacy policyyour privacy choicescopyright,default_user_avatar_64x64_v2@2x.yji-cfb49ee371b5b7711e94.png,https://www.yelp.com/biz/michael-t-cole-san-francisco?adjust_creative=RuNDS0w1-eq7bTiE_rnn-A&utm_campaign=yelp_api_v3&utm_medium=api_v3_business_lookup&utm_source=RuNDS0w1-eq7bTiE_rnn-A
"Chin Martin, DDS","2100 Webster St Ste 303 San Francisco, CA 94115",+14159233867,4.8,17,loginclaim your business pageadvertise on yelpyelp for restaurant ownerstable managementbusiness success storiesbusiness supportyelp blog for businessyelp data for b2byelp data for b2clanguagesenglishcitiesexplore a cityaustinbaltimorecharlottechicagocolorado springscolumbusdallasdenverdetroitel pasofort worthhoustonindianapolisjacksonvillelas vegaslos angelesmiaminashvillenew yorkoklahoma cityphiladelphiaphoenixportlandsacramentosan antoniosan diegosan franciscosan joseseattlewashingtonaboutblogsupporttermsprivacy policyyour privacy choicescopyright,default_user_avatar_64x64_v2@2x.yji-cfb49ee371b5b7711e94.png,https://www.yelp.com/biz/chin-martin-dds-san-francisco?adjust_creative=RuNDS0w1-eq7bTiE_rnn-A&utm_campaign=yelp_api_v3&utm_medium=api_v3_business_lookup&utm_source=RuNDS0w1-eq7bTiE_rnn-A
"Titus Tang, DDS MAGD","59 B Serramonte Ctr Daly City, CA 94015",+16507551222,4.8,453,informationtitus t.business ownerdr. tang practices all phases of general and cosmetic dentistry. his passion is to deliver comprehensive and excellent dental care to his patients. patient care is his number one priority. our office provides same day emergency appointment for new and existing patients. he believes in continued education where he spends over a hundred hours every year to learn the newest techniques and technology from various areas of dentistry. his goal is to provide a positive experience for every patient who may have fear during dental procedures. his office offers music,40x40_emergency_services_v2@3x.yji-f095ef0fdc32bcff4b29.png,https://www.yelp.com/biz/titus-tang-dds-magd-daly-city?adjust_creative=RuNDS0w1-eq7bTiE_rnn-A&utm_campaign=yelp_api_v3&utm_medium=api_v3_business_lookup&utm_source=RuNDS0w1-eq7bTiE_rnn-A
"Bernardo D Gonzalez, DDS- 24th Street Dental","2720 24th St San Francisco, CA 94110",+14152824566,4.0,60,informationbernardo g.business ownerwe offer general dentistry including,default_user_avatar_64x64_v2@2x.yji-cfb49ee371b5b7711e94.png,https://www.yelp.com/biz/bernardo-d-gonzalez-dds-24th-street-dental-san-francisco?adjust_creative=RuNDS0w1-eq7bTiE_rnn-A&utm_campaign=yelp_api_v3&utm_medium=api_v3_business_lookup&utm_source=RuNDS0w1-eq7bTiE_rnn-A
"Joel A McFaul & Betty S Wong, DDS","2300 Sutter St Ste 204 San Francisco, CA 94115",+14159210434,5.0,62,loginclaim your business pageadvertise on yelpyelp for restaurant ownerstable managementbusiness success storiesbusiness supportyelp blog for businessyelp data for b2byelp data for b2clanguagesenglishcitiesexplore a cityaustinbaltimorecharlottechicagocolorado springscolumbusdallasdenverdetroitel pasofort worthhoustonindianapolisjacksonvillelas vegaslos angelesmiaminashvillenew yorkoklahoma cityphiladelphiaphoenixportlandsacramentosan antoniosan diegosan franciscosan joseseattlewashingtonaboutblogsupporttermsprivacy policyyour privacy choicescopyright,default_user_avatar_64x64_v2@2x.yji-cfb49ee371b5b7711e94.png,https://www.yelp.com/biz/joel-a-mcfaul-and-betty-s-wong-dds-san-francisco?adjust_creative=RuNDS0w1-eq7bTiE_rnn-A&utm_campaign=yelp_api_v3&utm_medium=api_v3_business_lookup&utm_source=RuNDS0w1-eq7bTiE_rnn-A
"Brian Bast, DMD MD","707 Parnassus Ave Ste D-1201 UCSF Oral & Maxillofacial Surgery San Francisco, CA 94143",+14154761316,5.0,8,,,https://www.yelp.com/biz/brian-bast-dmd-md-san-francisco?adjust_creative=RuNDS0w1-eq7bTiE_rnn-A&utm_campaign=yelp_api_v3&utm_medium=api_v3_business_lookup&utm_source=RuNDS0w1-eq7bTiE_rnn-A
Western Dental & Orthodontics,"2626 Mission St San Francisco, CA 94110",+18552036053,2.0,685,informationwestern d.business ownerjun 5,default_user_avatar_64x64_v2@2x.yji-cfb49ee371b5b7711e94.png,https://www.yelp.com/biz/western-dental-and-orthodontics-san-francisco?adjust_creative=RuNDS0w1-eq7bTiE_rnn-A&utm_campaign=yelp_api_v3&utm_medium=api_v3_business_lookup&utm_source=RuNDS0w1-eq7bTiE_rnn-A
San Francisco Surgical Arts,"301 Main St Unit 1a San Francisco, CA 94105",+14158136400,4.7,68,loginclaim your business pageadvertise on yelpyelp for restaurant ownerstable managementbusiness success storiesbusiness supportyelp blog for businessyelp data for b2byelp data for b2clanguagesenglishcitiesexplore a cityaustinbaltimorecharlottechicagocolorado springscolumbusdallasdenverdetroitel pasofort worthhoustonindianapolisjacksonvillelas vegaslos angelesmiaminashvillenew yorkoklahoma cityphiladelphiaphoenixportlandsacramentosan antoniosan diegosan franciscosan joseseattlewashingtonaboutblogsupporttermsprivacy policyyour privacy choicescopyright,40x40_available_by_appointment_v2@3x.yji-61643f38d580b49ef0e5.png,https://www.yelp.com/biz/san-francisco-surgical-arts-san-francisco?adjust_creative=RuNDS0w1-eq7bTiE_rnn-A&utm_campaign=yelp_api_v3&utm_medium=api_v3_business_lookup&utm_source=RuNDS0w1-eq7bTiE_rnn-A
"Robert Mostovoy, DDS - Mostovoy Dental","3641 Sacramento St Ste H San Francisco, CA 94118",+14157750974,5.0,5,informationrobert m.business ownerour dental philosophy is to be open and thoughtful,default_user_avatar_64x64_v2@2x.yji-cfb49ee371b5b7711e94.png,https://www.yelp.com/biz/robert-mostovoy-dds-mostovoy-dental-san-francisco?adjust_creative=RuNDS0w1-eq7bTiE_rnn-A&utm_campaign=yelp_api_v3&utm_medium=api_v3_business_lookup&utm_source=RuNDS0w1-eq7bTiE_rnn-A
"Alec J Temlock, DMD, MS","450 Sutter St Ste 1616 San Francisco, CA 94108",+14157873151,4.9,129,,,https://www.yelp.com/biz/alec-j-temlock-dmd-ms-san-francisco?adjust_creative=RuNDS0w1-eq7bTiE_rnn-A&utm_campaign=yelp_api_v3&utm_medium=api_v3_business_lookup&utm_source=RuNDS0w1-eq7bTiE_rnn-A
Union Square Dental Practice,"450 Sutter St Ste 2414 San Francisco, CA 94108",+14156939139,4.8,174,informationnazanin h.business ownerunion square dental practice in downtown san francisco is a comprehensive dental clinic that takes the time to tailor dental treatment for each individual,default_user_avatar_64x64_v2@2x.yji-cfb49ee371b5b7711e94.png,https://www.yelp.com/biz/union-square-dental-practice-san-francisco?adjust_creative=RuNDS0w1-eq7bTiE_rnn-A&utm_campaign=yelp_api_v3&utm_medium=api_v3_business_lookup&utm_source=RuNDS0w1-eq7bTiE_rnn-A
Glen Park Dental,"4 Joost Ave San Francisco, CA 94131",+14155851500,4.3,160,informationcarlos and kimberlee l.business ownerwe are a family dental practice serving the glen park community. our services are provided in a comfortable,default_user_avatar_64x64_v2@2x.yji-cfb49ee371b5b7711e94.png,https://www.yelp.com/biz/glen-park-dental-san-francisco?adjust_creative=RuNDS0w1-eq7bTiE_rnn-A&utm_campaign=yelp_api_v3&utm_medium=api_v3_business_lookup&utm_source=RuNDS0w1-eq7bTiE_rnn-A
UDC Dental Center,"3448 Mission St Ste A San Francisco, CA 94110",+14154005115,4.6,36,loginclaim your business pageadvertise on yelpyelp for restaurant ownerstable managementbusiness success storiesbusiness supportyelp blog for businessyelp data for b2byelp data for b2clanguagesenglishcitiesexplore a cityaustinbaltimorecharlottechicagocolorado springscolumbusdallasdenverdetroitel pasofort worthhoustonindianapolisjacksonvillelas vegaslos angelesmiaminashvillenew yorkoklahoma cityphiladelphiaphoenixportlandsacramentosan antoniosan diegosan franciscosan joseseattlewashingtonaboutblogsupporttermsprivacy policyyour privacy choicescopyright,default_user_avatar_64x64_v2@2x.yji-cfb49ee371b5b7711e94.png,https://www.yelp.com/biz/udc-dental-center-san-francisco-2?adjust_creative=RuNDS0w1-eq7bTiE_rnn-A&utm_campaign=yelp_api_v3&utm_medium=api_v3_business_lookup&utm_source=RuNDS0w1-eq7bTiE_rnn-A
Van Ness Family Dentistry,"1336 Van Ness Ave Ste 1 San Francisco, CA 94109",+15102563427,4.2,30,informationvladislav k.business ownervan ness family dentistry has been offering surgical and cosmetic services for families in san francisco,40x40_locally_owned_v2@3x.yji-04e733a7f628c96a469c.png,https://www.yelp.com/biz/van-ness-family-dentistry-san-francisco-2?adjust_creative=RuNDS0w1-eq7bTiE_rnn-A&utm_campaign=yelp_api_v3&utm_medium=api_v3_business_lookup&utm_source=RuNDS0w1-eq7bTiE_rnn-A
Fuller Smiles - San Francisco,"1945 Noriega St San Francisco, CA 94122",+14157312260,4.8,19,informationstanley h.business ownerwe pride ourselves in high,40x40_certified_professionals_v2@3x.yji-c196de277ce62fa57609.png,https://www.yelp.com/biz/fuller-smiles-san-francisco-san-francisco-2?adjust_creative=RuNDS0w1-eq7bTiE_rnn-A&utm_campaign=yelp_api_v3&utm_medium=api_v3_business_lookup&utm_source=RuNDS0w1-eq7bTiE_rnn-A
Skyline Dental Studio,"450 Sutter St Ste 2021 San Francisco, CA 94108",+14159814960,4.8,77,informationmarjan f.business ownerskyline dental studio offers all phases of cosmetic and restorative dentistry including natural shade fillings,default_user_avatar_64x64_v2@2x.yji-cfb49ee371b5b7711e94.png,https://www.yelp.com/biz/skyline-dental-studio-san-francisco?adjust_creative=RuNDS0w1-eq7bTiE_rnn-A&utm_campaign=yelp_api_v3&utm_medium=api_v3_business_lookup&utm_source=RuNDS0w1-eq7bTiE_rnn-A
"Teodor A Manaois, DDS","2645 Ocean Ave Ste 210 San Francisco, CA 94132",+14155874700,4.8,36,"informationteodor m.business ownerdental implants
invisalign
crowns",default_user_avatar_64x64_v2@2x.yji-cfb49ee371b5b7711e94.png,https://www.yelp.com/biz/teodor-a-manaois-dds-san-francisco-2?adjust_creative=RuNDS0w1-eq7bTiE_rnn-A&utm_campaign=yelp_api_v3&utm_medium=api_v3_business_lookup&utm_source=RuNDS0w1-eq7bTiE_rnn-A
Balboa Dental Care,"3544 Balboa St San Francisco, CA 94121",+14153878810,4.8,23,loginclaim your business pageadvertise on yelpyelp for restaurant ownerstable managementbusiness success storiesbusiness supportyelp blog for businessyelp data for b2byelp data for b2clanguagesenglishcitiesexplore a cityaustinbaltimorecharlottechicagocolorado springscolumbusdallasdenverdetroitel pasofort worthhoustonindianapolisjacksonvillelas vegaslos angelesmiaminashvillenew yorkoklahoma cityphiladelphiaphoenixportlandsacramentosan antoniosan diegosan franciscosan joseseattlewashingtonaboutblogsupporttermsprivacy policyyour privacy choicescopyright,default_user_avatar_64x64_v2@2x.yji-cfb49ee371b5b7711e94.png,https://www.yelp.com/biz/balboa-dental-care-san-francisco?adjust_creative=RuNDS0w1-eq7bTiE_rnn-A&utm_campaign=yelp_api_v3&utm_medium=api_v3_business_lookup&utm_source=RuNDS0w1-eq7bTiE_rnn-A
"Justin W Shek, DDS","3400 California St Ste 200 San Francisco, CA 94118",+14155672408,4.8,48,informationjustin s.business ownerall porcelain crowns,default_user_avatar_64x64_v2@2x.yji-cfb49ee371b5b7711e94.png,https://www.yelp.com/biz/justin-w-shek-dds-san-francisco?adjust_creative=RuNDS0w1-eq7bTiE_rnn-A&utm_campaign=yelp_api_v3&utm_medium=api_v3_business_lookup&utm_source=RuNDS0w1-eq7bTiE_rnn-A
"Leo C Yang, DDS","163 Miller Ave Ste 1 Mill Valley, CA 94941",+14153831737,4.8,112,"informationleo y.business ownerpersonalized care
same day cerec crowns
cone beam 3d scanning
preventative dentistry
general restorative dentistry
cosmetic dentistry
implant dentistry
laser treatments
digital x",40x40_years_in_business_v2@3x.yji-a37bfcac9adc48b4a2c7.png,https://www.yelp.com/biz/leo-c-yang-dds-mill-valley?adjust_creative=RuNDS0w1-eq7bTiE_rnn-A&utm_campaign=yelp_api_v3&utm_medium=api_v3_business_lookup&utm_source=RuNDS0w1-eq7bTiE_rnn-A
Dental Health of San Francisco,"2407 Noriega St San Francisco, CA 94122",+14156822368,3.0,64,,,https://www.yelp.com/biz/dental-health-of-san-francisco-san-francisco-2?adjust_creative=RuNDS0w1-eq7bTiE_rnn-A&utm_campaign=yelp_api_v3&utm_medium=api_v3_business_lookup&utm_source=RuNDS0w1-eq7bTiE_rnn-A
Valencia Dental Center,"3532 20th St San Francisco, CA 94110",+14156436424,4.3,73,informationabhilasha b.business ownerwelcome to valencia dental center,default_user_avatar_64x64_v2@2x.yji-cfb49ee371b5b7711e94.png,https://www.yelp.com/biz/valencia-dental-center-san-francisco?adjust_creative=RuNDS0w1-eq7bTiE_rnn-A&utm_campaign=yelp_api_v3&utm_medium=api_v3_business_lookup&utm_source=RuNDS0w1-eq7bTiE_rnn-A
"San Francisco Dental Sleep Medicine: Douglas Chenin, DDS","2001 Union St Ste 420 San Francisco, CA 94123",+14154243313,5.0,56,informationdouglas c.business ownersan francisco dental sleep medicine is the dental practice of douglas chenin,default_user_avatar_64x64_v2@2x.yji-cfb49ee371b5b7711e94.png,https://www.yelp.com/biz/san-francisco-dental-sleep-medicine-douglas-chenin-dds-san-francisco?adjust_creative=RuNDS0w1-eq7bTiE_rnn-A&utm_campaign=yelp_api_v3&utm_medium=api_v3_business_lookup&utm_source=RuNDS0w1-eq7bTiE_rnn-A
Azure Dental,"2186 Geary Blvd Ste 103 San Francisco, CA 94115",+14155633100,4.3,99,,,https://www.yelp.com/biz/azure-dental-san-francisco-3?adjust_creative=RuNDS0w1-eq7bTiE_rnn-A&utm_campaign=yelp_api_v3&utm_medium=api_v3_business_lookup&utm_source=RuNDS0w1-eq7bTiE_rnn-A
SF Dental,"800 Santiago St Ste B San Francisco, CA 94116",+14155663305,4.8,133,,,https://www.yelp.com/biz/sf-dental-san-francisco-2?adjust_creative=RuNDS0w1-eq7bTiE_rnn-A&utm_campaign=yelp_api_v3&utm_medium=api_v3_business_lookup&utm_source=RuNDS0w1-eq7bTiE_rnn-A
Green Dentistry,"360 Post St Ste 704 San Francisco, CA 94108",+14154330119,4.1,407,informationdr. nammy p.business ownerdear yelp reader,default_user_avatar_64x64_v2@2x.yji-cfb49ee371b5b7711e94.png,https://www.yelp.com/biz/green-dentistry-san-francisco-3?adjust_creative=RuNDS0w1-eq7bTiE_rnn-A&utm_campaign=yelp_api_v3&utm_medium=api_v3_business_lookup&utm_source=RuNDS0w1-eq7bTiE_rnn-A
"Kenneth G Louie, DDS","749 Taraval St San Francisco, CA 94116",+14156819020,4.9,18,,,https://www.yelp.com/biz/kenneth-g-louie-dds-san-francisco-2?adjust_creative=RuNDS0w1-eq7bTiE_rnn-A&utm_campaign=yelp_api_v3&utm_medium=api_v3_business_lookup&utm_source=RuNDS0w1-eq7bTiE_rnn-A
"Ronald Lee, DDS","2145 19th Ave Ste 1 San Francisco, CA 94116",+14155661911,5.0,16,my teeth became. i just got out of dr lee,default_user_avatar_64x64_v2@2x.yji-cfb49ee371b5b7711e94.png,https://www.yelp.com/biz/ronald-lee-dds-san-francisco?adjust_creative=RuNDS0w1-eq7bTiE_rnn-A&utm_campaign=yelp_api_v3&utm_medium=api_v3_business_lookup&utm_source=RuNDS0w1-eq7bTiE_rnn-A
"Robert Phong Ho, DDS","307 12th Ave San Francisco, CA 94118",+14153860666,4.9,124,informationrobert h.business ownerour office is full and is no longer accepting new patients.,default_user_avatar_64x64_v2@2x.yji-cfb49ee371b5b7711e94.png,https://www.yelp.com/biz/robert-phong-ho-dds-san-francisco?adjust_creative=RuNDS0w1-eq7bTiE_rnn-A&utm_campaign=yelp_api_v3&utm_medium=api_v3_business_lookup&utm_source=RuNDS0w1-eq7bTiE_rnn-A
Potrero Hill Dental,"930 16th St San Francisco, CA 94107",+14158904449,4.4,53,informationjane and nancy l.business ownerbiomimetic dentistry,default_user_avatar_64x64_v2@2x.yji-cfb49ee371b5b7711e94.png,https://www.yelp.com/biz/potrero-hill-dental-san-francisco?adjust_creative=RuNDS0w1-eq7bTiE_rnn-A&utm_campaign=yelp_api_v3&utm_medium=api_v3_business_lookup&utm_source=RuNDS0w1-eq7bTiE_rnn-A
"Mathew Chow, DDS","500 Sutter St Ste 819 San Francisco, CA 94108",+14153911060,5.0,10,,,https://www.yelp.com/biz/mathew-chow-dds-san-francisco-2?adjust_creative=RuNDS0w1-eq7bTiE_rnn-A&utm_campaign=yelp_api_v3&utm_medium=api_v3_business_lookup&utm_source=RuNDS0w1-eq7bTiE_rnn-A
"Frank Wong, DDS","377 W Portal Ave Ste C San Francisco, CA 94127",+14156651500,4.4,41,loginclaim your business pageadvertise on yelpyelp for restaurant ownerstable managementbusiness success storiesbusiness supportyelp blog for businessyelp data for b2byelp data for b2clanguagesenglishcitiesexplore a cityaustinbaltimorecharlottechicagocolorado springscolumbusdallasdenverdetroitel pasofort worthhoustonindianapolisjacksonvillelas vegaslos angelesmiaminashvillenew yorkoklahoma cityphiladelphiaphoenixportlandsacramentosan antoniosan diegosan franciscosan joseseattlewashingtonaboutblogsupporttermsprivacy policyyour privacy choicescopyright,default_user_avatar_64x64_v2@2x.yji-cfb49ee371b5b7711e94.png,https://www.yelp.com/biz/frank-wong-dds-san-francisco?adjust_creative=RuNDS0w1-eq7bTiE_rnn-A&utm_campaign=yelp_api_v3&utm_medium=api_v3_business_lookup&utm_source=RuNDS0w1-eq7bTiE_rnn-A
Bernal Heights Smiles,"3208 Mission St San Francisco, CA 94110",+14156418900,4.6,51,informationdr. hana l.business ownerwe offer general and family dental care in a clean,default_user_avatar_64x64_v2@2x.yji-cfb49ee371b5b7711e94.png,https://www.yelp.com/biz/bernal-heights-smiles-san-francisco?adjust_creative=RuNDS0w1-eq7bTiE_rnn-A&utm_campaign=yelp_api_v3&utm_medium=api_v3_business_lookup&utm_source=RuNDS0w1-eq7bTiE_rnn-A
West Portal Dental Care,"48 Vicente St San Francisco, CA 94127",+14156813171,4.4,127,informationthe dentists at west portal ..managerwe specialize in total care for the family,default_user_avatar_64x64_v2@2x.yji-cfb49ee371b5b7711e94.png,https://www.yelp.com/biz/west-portal-dental-care-san-francisco?adjust_creative=RuNDS0w1-eq7bTiE_rnn-A&utm_campaign=yelp_api_v3&utm_medium=api_v3_business_lookup&utm_source=RuNDS0w1-eq7bTiE_rnn-A
"Craig McDow, DMD MS","450 Sutter St Ste 1130 San Francisco, CA 94108",+14153181818,4.4,49,,,https://www.yelp.com/biz/craig-mcdow-dmd-ms-san-francisco?adjust_creative=RuNDS0w1-eq7bTiE_rnn-A&utm_campaign=yelp_api_v3&utm_medium=api_v3_business_lookup&utm_source=RuNDS0w1-eq7bTiE_rnn-A
Mission Dental,"2656 Mission St San Francisco, CA 94110",+14152859900,3.9,73,informationhenry y.business ownergrand opening at our new,default_user_avatar_64x64_v2@2x.yji-cfb49ee371b5b7711e94.png,https://www.yelp.com/biz/mission-dental-san-francisco?adjust_creative=RuNDS0w1-eq7bTiE_rnn-A&utm_campaign=yelp_api_v3&utm_medium=api_v3_business_lookup&utm_source=RuNDS0w1-eq7bTiE_rnn-A
"James R Urick, DDS","230 California St Ste 200 San Francisco, CA 94111",+14154331839,4.6,46,informationjames u.business ownerdr. urick practices all phases of general and cosmetic dentistry for adults.,default_user_avatar_64x64_v2@2x.yji-cfb49ee371b5b7711e94.png,https://www.yelp.com/biz/james-r-urick-dds-san-francisco?adjust_creative=RuNDS0w1-eq7bTiE_rnn-A&utm_campaign=yelp_api_v3&utm_medium=api_v3_business_lookup&utm_source=RuNDS0w1-eq7bTiE_rnn-A
"James R Urick, DDS","230 California St Ste 200 San Francisco, CA 94111",+14154331839,4.6,46,informationjames u.business ownerdr. urick practices all phases of general and cosmetic dentistry for adults.,default_user_avatar_64x64_v2@2x.yji-cfb49ee371b5b7711e94.png,https://www.yelp.com/biz/james-r-urick-dds-san-francisco?adjust_creative=RuNDS0w1-eq7bTiE_rnn-A&utm_campaign=yelp_api_v3&utm_medium=api_v3_business_lookup&utm_source=RuNDS0w1-eq7bTiE_rnn-A
"Fiorella Potesta-Knoll, DDS, MS","2001 Union St Ste 680 San Francisco, CA 94123",+14157764040,4.8,26,informationdr. potesta k.business ownerdr. fiorella potesta,default_user_avatar_64x64_v2@2x.yji-cfb49ee371b5b7711e94.png,https://www.yelp.com/biz/fiorella-potesta-knoll-dds-ms-san-francisco-2?adjust_creative=RuNDS0w1-eq7bTiE_rnn-A&utm_campaign=yelp_api_v3&utm_medium=api_v3_business_lookup&utm_source=RuNDS0w1-eq7bTiE_rnn-A
Mission Dental,"2656 Mission St San Francisco, CA 94110",+14152859900,3.9,73,,,https://www.yelp.com/biz/mission-dental-san-francisco?adjust_creative=RuNDS0w1-eq7bTiE_rnn-A&utm_campaign=yelp_api_v3&utm_medium=api_v3_business_lookup&utm_source=RuNDS0w1-eq7bTiE_rnn-A
"Lynn Mieger, DDS","San Francisco, CA 94104",,3.4,77,loginclaim your business pageadvertise on yelpyelp for restaurant ownerstable managementbusiness success storiesbusiness supportyelp blog for businessyelp data for b2byelp data for b2clanguagesenglishcitiesexplore a cityaustinbaltimorecharlottechicagocolorado springscolumbusdallasdenverdetroitel pasofort worthhoustonindianapolisjacksonvillelas vegaslos angelesmiaminashvillenew yorkoklahoma cityphiladelphiaphoenixportlandsacramentosan antoniosan diegosan franciscosan joseseattlewashingtonaboutblogsupporttermsprivacy policyyour privacy choicescopyright,default_user_avatar_64x64_v2@2x.yji-cfb49ee371b5b7711e94.png,https://www.yelp.com/biz/lynn-mieger-dds-san-francisco?adjust_creative=RuNDS0w1-eq7bTiE_rnn-A&utm_campaign=yelp_api_v3&utm_medium=api_v3_business_lookup&utm_source=RuNDS0w1-eq7bTiE_rnn-A
San Francisco Dental Arts,"220 Montgomery St Ste 825 San Francisco, CA 94104",+14158549396,4.8,154,informationstanley s.business ownernationally,default_user_avatar_64x64_v2@2x.yji-cfb49ee371b5b7711e94.png,https://www.yelp.com/biz/san-francisco-dental-arts-san-francisco-4?adjust_creative=RuNDS0w1-eq7bTiE_rnn-A&utm_campaign=yelp_api_v3&utm_medium=api_v3_business_lookup&utm_source=RuNDS0w1-eq7bTiE_rnn-A
EZ Smile Family Dental Group - San Francisco,"3100 19th Ave San Francisco, CA 94132",+14155842537,3.6,103,informationjasmin r.business customer servicedec 24,alert_legal@2x.yji-3fe55ac8b5df847a46b6.png,https://www.yelp.com/biz/ez-smile-family-dental-group-san-francisco-san-francisco?adjust_creative=RuNDS0w1-eq7bTiE_rnn-A&utm_campaign=yelp_api_v3&utm_medium=api_v3_business_lookup&utm_source=RuNDS0w1-eq7bTiE_rnn-A
"Kafayi Kevin, DDS","450 Sutter St Ste 1433 San Francisco, CA 94108",+14153982360,4.1,162,informationkevin k.business owneras a team we are committed to providing a unique professional experience for all who encounter our office. we have passion for excellence and growth in all areas of our profession and for treating our patients with love and respect. we will render top quality care with optimum aesthetics and function with patients,default_user_avatar_64x64_v2@2x.yji-cfb49ee371b5b7711e94.png,https://www.yelp.com/biz/kafayi-kevin-dds-san-francisco?adjust_creative=RuNDS0w1-eq7bTiE_rnn-A&utm_campaign=yelp_api_v3&utm_medium=api_v3_business_lookup&utm_source=RuNDS0w1-eq7bTiE_rnn-A
Silver Avenue Family Health Center,"1525 Silver Ave San Francisco, CA 94134",+14156571700,2.3,7,loginclaim your business pageadvertise on yelpyelp for restaurant ownerstable managementbusiness success storiesbusiness supportyelp blog for businessyelp data for b2byelp data for b2clanguagesenglishcitiesexplore a cityaustinbaltimorecharlottechicagocolorado springscolumbusdallasdenverdetroitel pasofort worthhoustonindianapolisjacksonvillelas vegaslos angelesmiaminashvillenew yorkoklahoma cityphiladelphiaphoenixportlandsacramentosan antoniosan diegosan franciscosan joseseattlewashingtonaboutblogsupporttermsprivacy policyyour privacy choicescopyright,default_user_avatar_64x64_v2@2x.yji-cfb49ee371b5b7711e94.png,https://www.yelp.com/biz/silver-avenue-family-health-center-san-francisco?adjust_creative=RuNDS0w1-eq7bTiE_rnn-A&utm_campaign=yelp_api_v3&utm_medium=api_v3_business_lookup&utm_source=RuNDS0w1-eq7bTiE_rnn-A
"Rodney S Lee,DDS","3501 California St Ste 202 San Francisco, CA 94118",+14157511700,4.7,55,informationrodney l.business ownerbraces,default_user_avatar_64x64_v2@2x.yji-cfb49ee371b5b7711e94.png,https://www.yelp.com/biz/rodney-s-lee-dds-san-francisco-3?adjust_creative=RuNDS0w1-eq7bTiE_rnn-A&utm_campaign=yelp_api_v3&utm_medium=api_v3_business_lookup&utm_source=RuNDS0w1-eq7bTiE_rnn-A
SeaCliff Dental,"758 La Playa St San Francisco, CA 94121",+14154497442,4.5,218,informationdr. sam s.business ownerdental implants,40x40_free_consultations_v2@3x.yji-1de50ec58a3d58e8e260.png,https://www.yelp.com/biz/seacliff-dental-san-francisco-3?adjust_creative=RuNDS0w1-eq7bTiE_rnn-A&utm_campaign=yelp_api_v3&utm_medium=api_v3_business_lookup&utm_source=RuNDS0w1-eq7bTiE_rnn-A
Icon Dental,"101 Montgomery St Ste D San Francisco, CA 94101",+14152485300,4.6,176,informationmaya e.business ownerwe are committed to delivering uncompromising excellence in dental care. our mission is to provide a compassionate professional environment to make your experience safe and comfortable. we provide advanced dental and cosmetic services using the latest technologies and best materials. we closely work with dental specialists to provide comprehensive treatment with best results.,default_user_avatar_64x64_v2@2x.yji-cfb49ee371b5b7711e94.png,https://www.yelp.com/biz/icon-dental-san-francisco?adjust_creative=RuNDS0w1-eq7bTiE_rnn-A&utm_campaign=yelp_api_v3&utm_medium=api_v3_business_lookup&utm_source=RuNDS0w1-eq7bTiE_rnn-A
"Wayne M Wong, DDS","1030 Clement St San Francisco, CA 94118",+14153870963,4.6,33,loginclaim your business pageadvertise on yelpyelp for restaurant ownerstable managementbusiness success storiesbusiness supportyelp blog for businessyelp data for b2byelp data for b2clanguagesenglishcitiesexplore a cityaustinbaltimorecharlottechicagocolorado springscolumbusdallasdenverdetroitel pasofort worthhoustonindianapolisjacksonvillelas vegaslos angelesmiaminashvillenew yorkoklahoma cityphiladelphiaphoenixportlandsacramentosan antoniosan diegosan franciscosan joseseattlewashingtonaboutblogsupporttermsprivacy policyyour privacy choicescopyright,default_user_avatar_64x64_v2@2x.yji-cfb49ee371b5b7711e94.png,https://www.yelp.com/biz/wayne-m-wong-dds-san-francisco?adjust_creative=RuNDS0w1-eq7bTiE_rnn-A&utm_campaign=yelp_api_v3&utm_medium=api_v3_business_lookup&utm_source=RuNDS0w1-eq7bTiE_rnn-A
"Robyn L Moyer, DDS","2665 Ocean Ave Ste B San Francisco, CA 94132",+14155854200,4.2,22,,,https://www.yelp.com/biz/robyn-l-moyer-dds-san-francisco?adjust_creative=RuNDS0w1-eq7bTiE_rnn-A&utm_campaign=yelp_api_v3&utm_medium=api_v3_business_lookup&utm_source=RuNDS0w1-eq7bTiE_rnn-A
"Roger Lee, DDS","3580 California St Ste 301 San Francisco, CA 94118",+14159221355,5.0,17,,,https://www.yelp.com/biz/roger-lee-dds-san-francisco?adjust_creative=RuNDS0w1-eq7bTiE_rnn-A&utm_campaign=yelp_api_v3&utm_medium=api_v3_business_lookup&utm_source=RuNDS0w1-eq7bTiE_rnn-A
SF Premier Dental,"3998 Mission St San Francisco, CA 94112",+14152398511,4.8,54,,,https://www.yelp.com/biz/sf-premier-dental-san-francisco?adjust_creative=RuNDS0w1-eq7bTiE_rnn-A&utm_campaign=yelp_api_v3&utm_medium=api_v3_business_lookup&utm_source=RuNDS0w1-eq7bTiE_rnn-A
Endodontics and Microsurgery,"2480 Mission St Ste 333 San Francisco, CA 94110",+14159700223,5.0,167,loginclaim your business pageadvertise on yelpyelp for restaurant ownerstable managementbusiness success storiesbusiness supportyelp blog for businessyelp data for b2byelp data for b2clanguagesenglishcitiesexplore a cityaustinbaltimorecharlottechicagocolorado springscolumbusdallasdenverdetroitel pasofort worthhoustonindianapolisjacksonvillelas vegaslos angelesmiaminashvillenew yorkoklahoma cityphiladelphiaphoenixportlandsacramentosan antoniosan diegosan franciscosan joseseattlewashingtonaboutblogsupporttermsprivacy policyyour privacy choicescopyright,default_user_avatar_64x64_v2@2x.yji-cfb49ee371b5b7711e94.png,https://www.yelp.com/biz/endodontics-and-microsurgery-san-francisco?adjust_creative=RuNDS0w1-eq7bTiE_rnn-A&utm_campaign=yelp_api_v3&utm_medium=api_v3_business_lookup&utm_source=RuNDS0w1-eq7bTiE_rnn-A
Jang Family Dentistry,"291 Geary St Ste 610 San Francisco, CA 94102",+14159824015,4.9,61,loginclaim your business pageadvertise on yelpyelp for restaurant ownerstable managementbusiness success storiesbusiness supportyelp blog for businessyelp data for b2byelp data for b2clanguagesenglishcitiesexplore a cityaustinbaltimorecharlottechicagocolorado springscolumbusdallasdenverdetroitel pasofort worthhoustonindianapolisjacksonvillelas vegaslos angelesmiaminashvillenew yorkoklahoma cityphiladelphiaphoenixportlandsacramentosan antoniosan diegosan franciscosan joseseattlewashingtonaboutblogsupporttermsprivacy policyyour privacy choicescopyright,default_user_avatar_64x64_v2@2x.yji-cfb49ee371b5b7711e94.png,https://www.yelp.com/biz/jang-family-dentistry-san-francisco-2?adjust_creative=RuNDS0w1-eq7bTiE_rnn-A&utm_campaign=yelp_api_v3&utm_medium=api_v3_business_lookup&utm_source=RuNDS0w1-eq7bTiE_rnn-A
"Katherine T. Vo, DDS","450 Sutter St Ste 2525 San Francisco, CA 94108",+14153971004,4.5,41,"informationkatherine v.business ownerhonest and individualized services
great smiles start here",default_user_avatar_64x64_v2@2x.yji-cfb49ee371b5b7711e94.png,https://www.yelp.com/biz/katherine-t-vo-dds-san-francisco-2?adjust_creative=RuNDS0w1-eq7bTiE_rnn-A&utm_campaign=yelp_api_v3&utm_medium=api_v3_business_lookup&utm_source=RuNDS0w1-eq7bTiE_rnn-A
Blende Dental Group,"390 Laurel St Ste 310 San Francisco, CA 94118",+14155634261,4.3,99,loginclaim your business pageadvertise on yelpyelp for restaurant ownerstable managementbusiness success storiesbusiness supportyelp blog for businessyelp data for b2byelp data for b2clanguagesenglishcitiesexplore a cityaustinbaltimorecharlottechicagocolorado springscolumbusdallasdenverdetroitel pasofort worthhoustonindianapolisjacksonvillelas vegaslos angelesmiaminashvillenew yorkoklahoma cityphiladelphiaphoenixportlandsacramentosan antoniosan diegosan franciscosan joseseattlewashingtonaboutblogsupporttermsprivacy policyyour privacy choicescopyright,default_user_avatar_64x64_v2@2x.yji-cfb49ee371b5b7711e94.png,https://www.yelp.com/biz/blende-dental-group-san-francisco?adjust_creative=RuNDS0w1-eq7bTiE_rnn-A&utm_campaign=yelp_api_v3&utm_medium=api_v3_business_lookup&utm_source=RuNDS0w1-eq7bTiE_rnn-A
Beverly Presley-Nelson General Dentistry,"1749 Taraval St San Francisco, CA 94116",+14157530790,4.7,20,informationdr. beverly p,default_user_avatar_64x64_v2@2x.yji-cfb49ee371b5b7711e94.png,https://www.yelp.com/biz/beverly-presley-nelson-dds-san-francisco?adjust_creative=RuNDS0w1-eq7bTiE_rnn-A&utm_campaign=yelp_api_v3&utm_medium=api_v3_business_lookup&utm_source=RuNDS0w1-eq7bTiE_rnn-A
Post Street Dental,"490 Post St Ste 520 Post Street Dental San Francisco, CA 94102",+14159864534,4.8,50,informationmatt y.business ownergeneral and cosmetic dentistry with kindness. at post street dental group,40x40_locally_owned_v2@3x.yji-04e733a7f628c96a469c.png,https://www.yelp.com/biz/post-street-dental-san-francisco-2?adjust_creative=RuNDS0w1-eq7bTiE_rnn-A&utm_campaign=yelp_api_v3&utm_medium=api_v3_business_lookup&utm_source=RuNDS0w1-eq7bTiE_rnn-A
Amanda Cheng,"Ste 1124 San Francisco, CA 94102",,4.7,342,"informationamanda c.business owneramerican board certified orthodontist

dr. amanda cheng obtained her doctor of medical dentistry from the harvard school of dental medicine and completed her specialty training in orthodontics and craniofacial orthopedics at the university of minnesota.

in downtown san francisco",default_user_avatar_64x64_v2@2x.yji-cfb49ee371b5b7711e94.png,https://www.yelp.com/biz/amanda-cheng-san-francisco-5?adjust_creative=RuNDS0w1-eq7bTiE_rnn-A&utm_campaign=yelp_api_v3&utm_medium=api_v3_business_lookup&utm_source=RuNDS0w1-eq7bTiE_rnn-A
"Joseph A. Nicolas, DDS","801 Portola Dr Ste 204 San Francisco, CA 94127",+14155669700,3.9,35,informationjoseph n.business ownerdr. nicolas provides high quality cosmetic dental care,default_user_avatar_64x64_v2@2x.yji-cfb49ee371b5b7711e94.png,https://www.yelp.com/biz/joseph-a-nicolas-dds-san-francisco?adjust_creative=RuNDS0w1-eq7bTiE_rnn-A&utm_campaign=yelp_api_v3&utm_medium=api_v3_business_lookup&utm_source=RuNDS0w1-eq7bTiE_rnn-A
Studio Dental,"27 Taylor St San Francisco, CA 94102",+14155270263,4.8,186,informationsara c.business ownerstudio dental has re,default_user_avatar_64x64_v2@2x.yji-cfb49ee371b5b7711e94.png,https://www.yelp.com/biz/studio-dental-san-francisco?adjust_creative=RuNDS0w1-eq7bTiE_rnn-A&utm_campaign=yelp_api_v3&utm_medium=api_v3_business_lookup&utm_source=RuNDS0w1-eq7bTiE_rnn-A
"Stephen Cohen, DDS","San Francisco, CA 94108",,4.6,41,informationstephen c.business ownerdr. cohen is a board certified endodontist,default_user_avatar_64x64_v2@2x.yji-cfb49ee371b5b7711e94.png,https://www.yelp.com/biz/stephen-cohen-dds-san-francisco?adjust_creative=RuNDS0w1-eq7bTiE_rnn-A&utm_campaign=yelp_api_v3&utm_medium=api_v3_business_lookup&utm_source=RuNDS0w1-eq7bTiE_rnn-A
"Juan F Luque, MD","3085 24th St Ste 201 Faces Of The Mission San Francisco, CA 94110",+14152850526,5.0,8,loginclaim your business pageadvertise on yelpyelp for restaurant ownerstable managementbusiness success storiesbusiness supportyelp blog for businessyelp data for b2byelp data for b2clanguagesenglishcitiesexplore a cityaustinbaltimorecharlottechicagocolorado springscolumbusdallasdenverdetroitel pasofort worthhoustonindianapolisjacksonvillelas vegaslos angelesmiaminashvillenew yorkoklahoma cityphiladelphiaphoenixportlandsacramentosan antoniosan diegosan franciscosan joseseattlewashingtonaboutblogsupporttermsprivacy policyyour privacy choicescopyright,default_user_avatar_64x64_v2@2x.yji-cfb49ee371b5b7711e94.png,https://www.yelp.com/biz/juan-f-luque-md-san-francisco?adjust_creative=RuNDS0w1-eq7bTiE_rnn-A&utm_campaign=yelp_api_v3&utm_medium=api_v3_business_lookup&utm_source=RuNDS0w1-eq7bTiE_rnn-A
"Justin Lam Tin, DDS","2323 Noriega St Ste 208 San Francisco, CA 94122",+14157597888,2.8,84,loginclaim your business pageadvertise on yelpyelp for restaurant ownerstable managementbusiness success storiesbusiness supportyelp blog for businessyelp data for b2byelp data for b2clanguagesenglishcitiesexplore a cityaustinbaltimorecharlottechicagocolorado springscolumbusdallasdenverdetroitel pasofort worthhoustonindianapolisjacksonvillelas vegaslos angelesmiaminashvillenew yorkoklahoma cityphiladelphiaphoenixportlandsacramentosan antoniosan diegosan franciscosan joseseattlewashingtonaboutblogsupporttermsprivacy policyyour privacy choicescopyright,default_user_avatar_64x64_v2@2x.yji-cfb49ee371b5b7711e94.png,https://www.yelp.com/biz/justin-lam-tin-dds-san-francisco?adjust_creative=RuNDS0w1-eq7bTiE_rnn-A&utm_campaign=yelp_api_v3&utm_medium=api_v3_business_lookup&utm_source=RuNDS0w1-eq7bTiE_rnn-A
"J. Reed Rayher, DDS MD","490 Post St Ste 620 Union Square Oral Surgery San Francisco, CA 94102",+14153971400,4.8,63,informationreed j. r.business ownerwith his expertise in oral and maxillofacial surgery,default_user_avatar_64x64_v2@2x.yji-cfb49ee371b5b7711e94.png,https://www.yelp.com/biz/j-reed-rayher-dds-md-san-francisco-3?adjust_creative=RuNDS0w1-eq7bTiE_rnn-A&utm_campaign=yelp_api_v3&utm_medium=api_v3_business_lookup&utm_source=RuNDS0w1-eq7bTiE_rnn-A
"Alfredo A. Dela Rosa Jr, DDS MD - Oral Surgeon","6063 Mission St Daly City, CA 94014",+14159634121,4.8,43,informationalfredo d.business ownerdr. dela rosa provides the full scope of oral surgery services including wisdom teeth extractions,40x40_available_by_appointment_v2@3x.yji-61643f38d580b49ef0e5.png,https://www.yelp.com/biz/alfredo-a-dela-rosa-jr-dds-md-oral-surgeon-daly-city?adjust_creative=RuNDS0w1-eq7bTiE_rnn-A&utm_campaign=yelp_api_v3&utm_medium=api_v3_business_lookup&utm_source=RuNDS0w1-eq7bTiE_rnn-A
"Martin Chee, DDS","500 Sutter St Ste 523 San Francisco, CA 94108",+14152336651,4.9,29,,,https://www.yelp.com/biz/martin-chee-dds-san-francisco-3?adjust_creative=RuNDS0w1-eq7bTiE_rnn-A&utm_campaign=yelp_api_v3&utm_medium=api_v3_business_lookup&utm_source=RuNDS0w1-eq7bTiE_rnn-A
Discovery Pediatric Dentistry,"1700 California St Ste 200 San Francisco, CA 94109",+14154417766,4.3,80,informationdrs emily w.,default_user_avatar_64x64_v2@2x.yji-cfb49ee371b5b7711e94.png,https://www.yelp.com/biz/discovery-pediatric-dentistry-san-francisco?adjust_creative=RuNDS0w1-eq7bTiE_rnn-A&utm_campaign=yelp_api_v3&utm_medium=api_v3_business_lookup&utm_source=RuNDS0w1-eq7bTiE_rnn-A
CT Dental Group,"771 Sacramento St San Francisco, CA 94108",+14153623388,3.9,26,loginclaim your business pageadvertise on yelpyelp for restaurant ownerstable managementbusiness success storiesbusiness supportyelp blog for businessyelp data for b2byelp data for b2clanguagesenglishcitiesexplore a cityaustinbaltimorecharlottechicagocolorado springscolumbusdallasdenverdetroitel pasofort worthhoustonindianapolisjacksonvillelas vegaslos angelesmiaminashvillenew yorkoklahoma cityphiladelphiaphoenixportlandsacramentosan antoniosan diegosan franciscosan joseseattlewashingtonaboutblogsupporttermsprivacy policyyour privacy choicescopyright,default_user_avatar_64x64_v2@2x.yji-cfb49ee371b5b7711e94.png,https://www.yelp.com/biz/ct-dental-group-san-francisco?adjust_creative=RuNDS0w1-eq7bTiE_rnn-A&utm_campaign=yelp_api_v3&utm_medium=api_v3_business_lookup&utm_source=RuNDS0w1-eq7bTiE_rnn-A
UCSF Buchanan Dental Center,"100 Buchanan St San Francisco, CA 94102",+14154765608,2.6,33,loginclaim your business pageadvertise on yelpyelp for restaurant ownerstable managementbusiness success storiesbusiness supportyelp blog for businessyelp data for b2byelp data for b2clanguagesenglishcitiesexplore a cityaustinbaltimorecharlottechicagocolorado springscolumbusdallasdenverdetroitel pasofort worthhoustonindianapolisjacksonvillelas vegaslos angelesmiaminashvillenew yorkoklahoma cityphiladelphiaphoenixportlandsacramentosan antoniosan diegosan franciscosan joseseattlewashingtonaboutblogsupporttermsprivacy policyyour privacy choicescopyright,default_user_avatar_64x64_v2@2x.yji-cfb49ee371b5b7711e94.png,https://www.yelp.com/biz/ucsf-buchanan-dental-center-san-francisco-5?adjust_creative=RuNDS0w1-eq7bTiE_rnn-A&utm_campaign=yelp_api_v3&utm_medium=api_v3_business_lookup&utm_source=RuNDS0w1-eq7bTiE_rnn-A
"Kevin R Barry, DDS","450 Sutter St Ste 1600 San Francisco, CA 94108",+14154214824,4.6,66,informationkevin r b.business ownerat the dental practice of kevin r barry,default_user_avatar_64x64_v2@2x.yji-cfb49ee371b5b7711e94.png,https://www.yelp.com/biz/kevin-r-barry-dds-san-francisco?adjust_creative=RuNDS0w1-eq7bTiE_rnn-A&utm_campaign=yelp_api_v3&utm_medium=api_v3_business_lookup&utm_source=RuNDS0w1-eq7bTiE_rnn-A
"Iverson & Syers, DDS","450 Sutter St Ste 2005 San Francisco, CA 94108",+14153981017,4.4,51,informationtodd i.business ownercosmetic dentistry,default_user_avatar_64x64_v2@2x.yji-cfb49ee371b5b7711e94.png,https://www.yelp.com/biz/iverson-and-syers-dds-san-francisco?adjust_creative=RuNDS0w1-eq7bTiE_rnn-A&utm_campaign=yelp_api_v3&utm_medium=api_v3_business_lookup&utm_source=RuNDS0w1-eq7bTiE_rnn-A
Arthur A Dugoni School of Dentistry,"155 5th St San Francisco, CA 94103",+14159296501,3.0,196,loginclaim your business pageadvertise on yelpyelp for restaurant ownerstable managementbusiness success storiesbusiness supportyelp blog for businessyelp data for b2byelp data for b2clanguagesenglishcitiesexplore a cityaustinbaltimorecharlottechicagocolorado springscolumbusdallasdenverdetroitel pasofort worthhoustonindianapolisjacksonvillelas vegaslos angelesmiaminashvillenew yorkoklahoma cityphiladelphiaphoenixportlandsacramentosan antoniosan diegosan franciscosan joseseattlewashingtonaboutblogsupporttermsprivacy policyyour privacy choicescopyright,ortho@pacific.edu,https://www.yelp.com/biz/arthur-a-dugoni-school-of-dentistry-san-francisco-7?adjust_creative=RuNDS0w1-eq7bTiE_rnn-A&utm_campaign=yelp_api_v3&utm_medium=api_v3_business_lookup&utm_source=RuNDS0w1-eq7bTiE_rnn-A
Leong Dental,"199 Fremont St Ste 105 San Francisco, CA 94105",+14152785777,4.1,46,loginclaim your business pageadvertise on yelpyelp for restaurant ownerstable managementbusiness success storiesbusiness supportyelp blog for businessyelp data for b2byelp data for b2clanguagesenglishcitiesexplore a cityaustinbaltimorecharlottechicagocolorado springscolumbusdallasdenverdetroitel pasofort worthhoustonindianapolisjacksonvillelas vegaslos angelesmiaminashvillenew yorkoklahoma cityphiladelphiaphoenixportlandsacramentosan antoniosan diegosan franciscosan joseseattlewashingtonaboutblogsupporttermsprivacy policyyour privacy choicescopyright,default_user_avatar_64x64_v2@2x.yji-cfb49ee371b5b7711e94.png,https://www.yelp.com/biz/leong-dental-san-francisco?adjust_creative=RuNDS0w1-eq7bTiE_rnn-A&utm_campaign=yelp_api_v3&utm_medium=api_v3_business_lookup&utm_source=RuNDS0w1-eq7bTiE_rnn-A
Dental Implant and Oral Surgery Center,"2460 Mission St Ste 109 San Francisco, CA 94110",+14154017380,4.4,41,informationfrancis c.business ownerextractions of teeth,default_user_avatar_64x64_v2@2x.yji-cfb49ee371b5b7711e94.png,https://www.yelp.com/biz/dental-implant-and-oral-surgery-center-san-francisco-2?adjust_creative=RuNDS0w1-eq7bTiE_rnn-A&utm_campaign=yelp_api_v3&utm_medium=api_v3_business_lookup&utm_source=RuNDS0w1-eq7bTiE_rnn-A
"Dentistry of San Francisco - General & Cosmetic, Dr. Joseph DDS","500 Sutter St St  600 Dentistry of San Francisco San Francisco, CA 94102",+14159865323,4.5,48,informationdr. joseph s.business ownerdentistry of san francisco specializes in both general and cosmetic dentistry including invisalign,default_user_avatar_64x64_v2@2x.yji-cfb49ee371b5b7711e94.png,https://www.yelp.com/biz/dentistry-of-san-francisco-general-and-cosmetic-dr-joseph-dds-san-francisco?adjust_creative=RuNDS0w1-eq7bTiE_rnn-A&utm_campaign=yelp_api_v3&utm_medium=api_v3_business_lookup&utm_source=RuNDS0w1-eq7bTiE_rnn-A
"Blair A Keck, DDS","4128 18th St San Francisco, CA 94114",,4.1,65,loginclaim your business pageadvertise on yelpyelp for restaurant ownerstable managementbusiness success storiesbusiness supportyelp blog for businessyelp data for b2byelp data for b2clanguagesenglishcitiesexplore a cityaustinbaltimorecharlottechicagocolorado springscolumbusdallasdenverdetroitel pasofort worthhoustonindianapolisjacksonvillelas vegaslos angelesmiaminashvillenew yorkoklahoma cityphiladelphiaphoenixportlandsacramentosan antoniosan diegosan franciscosan joseseattlewashingtonaboutblogsupporttermsprivacy policyyour privacy choicescopyright,default_user_avatar_64x64_v2@2x.yji-cfb49ee371b5b7711e94.png,https://www.yelp.com/biz/blair-a-keck-dds-san-francisco?adjust_creative=RuNDS0w1-eq7bTiE_rnn-A&utm_campaign=yelp_api_v3&utm_medium=api_v3_business_lookup&utm_source=RuNDS0w1-eq7bTiE_rnn-A
"Baldwin Louie, DDS & Patricia Louie, DDS","646 Clement St San Francisco, CA 94118",+14152211324,4.9,51,,,https://www.yelp.com/biz/baldwin-louie-dds-and-patricia-louie-dds-san-francisco-2?adjust_creative=RuNDS0w1-eq7bTiE_rnn-A&utm_campaign=yelp_api_v3&utm_medium=api_v3_business_lookup&utm_source=RuNDS0w1-eq7bTiE_rnn-A
"Patricia M Wong, DDS","1530 Judah St San Francisco, CA 94122",+14157598680,4.8,63,who just manages other dentists and hygienists,default_user_avatar_64x64_v2@2x.yji-cfb49ee371b5b7711e94.png,https://www.yelp.com/biz/patricia-m-wong-dds-san-francisco?adjust_creative=RuNDS0w1-eq7bTiE_rnn-A&utm_campaign=yelp_api_v3&utm_medium=api_v3_business_lookup&utm_source=RuNDS0w1-eq7bTiE_rnn-A
Pacific Sky Dental,"6433 Mission St Daly City, CA 94014",+16503533130,4.8,264,,,https://www.yelp.com/biz/pacific-sky-dental-daly-city?adjust_creative=RuNDS0w1-eq7bTiE_rnn-A&utm_campaign=yelp_api_v3&utm_medium=api_v3_business_lookup&utm_source=RuNDS0w1-eq7bTiE_rnn-A
"Lukman Dental: Erick Lukman, DMD","2480 Mission St Ste 325 San Francisco, CA 94110",+14153736772,4.7,72,,,https://www.yelp.com/biz/erick-s-lukman-dmd-lukman-dental-san-francisco?adjust_creative=RuNDS0w1-eq7bTiE_rnn-A&utm_campaign=yelp_api_v3&utm_medium=api_v3_business_lookup&utm_source=RuNDS0w1-eq7bTiE_rnn-A
Lam's Professional Dental,"1839 Irving St San Francisco, CA 94122",+14156822072,4.0,8,,,https://www.yelp.com/biz/lams-professional-dental-san-francisco-2?adjust_creative=RuNDS0w1-eq7bTiE_rnn-A&utm_campaign=yelp_api_v3&utm_medium=api_v3_business_lookup&utm_source=RuNDS0w1-eq7bTiE_rnn-A
Metro Dental Group,"2233 Post St Ste 102 San Francisco, CA 94115",+14155672900,3.3,71,,,https://www.yelp.com/biz/metro-dental-group-san-francisco?adjust_creative=RuNDS0w1-eq7bTiE_rnn-A&utm_campaign=yelp_api_v3&utm_medium=api_v3_business_lookup&utm_source=RuNDS0w1-eq7bTiE_rnn-A
California Dental,"6100 California St San Francisco, CA 94121",+14157516108,3.8,34,loginclaim your business pageadvertise on yelpyelp for restaurant ownerstable managementbusiness success storiesbusiness supportyelp blog for businessyelp data for b2byelp data for b2clanguagesenglishcitiesexplore a cityaustinbaltimorecharlottechicagocolorado springscolumbusdallasdenverdetroitel pasofort worthhoustonindianapolisjacksonvillelas vegaslos angelesmiaminashvillenew yorkoklahoma cityphiladelphiaphoenixportlandsacramentosan antoniosan diegosan franciscosan joseseattlewashingtonaboutblogsupporttermsprivacy policyyour privacy choicescopyright,default_user_avatar_64x64_v2@2x.yji-cfb49ee371b5b7711e94.png,https://www.yelp.com/biz/california-dental-san-francisco?adjust_creative=RuNDS0w1-eq7bTiE_rnn-A&utm_campaign=yelp_api_v3&utm_medium=api_v3_business_lookup&utm_source=RuNDS0w1-eq7bTiE_rnn-A
"Pauline Susanto, DDS","2555 Ocean Ave Ste 204 San Francisco, CA 94127",+14153379009,3.9,8,loginclaim your business pageadvertise on yelpyelp for restaurant ownerstable managementbusiness success storiesbusiness supportyelp blog for businessyelp data for b2byelp data for b2clanguagesenglishcitiesexplore a cityaustinbaltimorecharlottechicagocolorado springscolumbusdallasdenverdetroitel pasofort worthhoustonindianapolisjacksonvillelas vegaslos angelesmiaminashvillenew yorkoklahoma cityphiladelphiaphoenixportlandsacramentosan antoniosan diegosan franciscosan joseseattlewashingtonaboutblogsupporttermsprivacy policyyour privacy choicescopyright,default_user_avatar_64x64_v2@2x.yji-cfb49ee371b5b7711e94.png,https://www.yelp.com/biz/pauline-susanto-dds-san-francisco?adjust_creative=RuNDS0w1-eq7bTiE_rnn-A&utm_campaign=yelp_api_v3&utm_medium=api_v3_business_lookup&utm_source=RuNDS0w1-eq7bTiE_rnn-A
San Bruno Avenue Dental Group,"2817 San Bruno Ave San Francisco, CA 94134",+14156562868,3.6,124,informationjustin t.business ownerour mission is to provide compassionate and exemplary dental care that is affordable for families and patients wanting to achieve and maintain total dental and oral health.  san francisco dental group staff are dedicated to providing you with a pleasant visit and results that you,default_user_avatar_64x64_v2@2x.yji-cfb49ee371b5b7711e94.png,https://www.yelp.com/biz/san-bruno-avenue-dental-group-san-francisco?adjust_creative=RuNDS0w1-eq7bTiE_rnn-A&utm_campaign=yelp_api_v3&utm_medium=api_v3_business_lookup&utm_source=RuNDS0w1-eq7bTiE_rnn-A
St Francis Dentistry,"697 Monterey Blvd San Francisco, CA 94127",+14153370337,5.0,28,informationmichael h.business ownerwe provide caring,default_user_avatar_64x64_v2@2x.yji-cfb49ee371b5b7711e94.png,https://www.yelp.com/biz/st-francis-dentistry-san-francisco?adjust_creative=RuNDS0w1-eq7bTiE_rnn-A&utm_campaign=yelp_api_v3&utm_medium=api_v3_business_lookup&utm_source=RuNDS0w1-eq7bTiE_rnn-A
